,FIRST_NAME,LAST_NAME,2023_ORDER,SCORE,scaled_order,scaled_score,sum_scaled_columns
0,Andrew,Frazier,8,0,1.0,0.0,1.0
1,Brian,Scanen,6,0,0.7142857142857142,0.0,0.7142857142857142
2,John,Wholihan,4,0,0.42857142857142855,0.0,0.42857142857142855
6,Chris,Vienneau,7,67,0.8571428571428572,0.5193798449612403,0.33776301218161686
3,Will,Cokeley,2,0,0.14285714285714285,0.0,0.14285714285714285
7,Brian,Roepke,5,129,0.5714285714285714,1.0,-0.4285714285714286
5,Alexander,O'Brien,3,105,0.2857142857142857,0.813953488372093,-0.5282392026578073
4,Chrissy,Roepke,1,86,0.0,0.6666666666666666,-0.6666666666666666
